{
    "cosmos-installer": {
      "form": [
        {
          "name": "adgaurd",
          "label": "The worlds most advanced adblocker",
          "initialValue": "{DefaultDataPath}/adguard",
          "type": "text"
        },
        {
          "name": "adminOnly",
          "label": "Do you want to make this service admin only?",
          "initialValue": true,
          "type": "checkbox"
        }
      ]
    },
     "version": "3",
     "services": {
        "adguard": {
           "image": "adguard/adguardhome",
           "container_name": "adguard",
           "ports": [
              "53:53/tcp",
              "53:53/udp",
              "3000:3000/tcp"
           ],
           "labels": {
            "cosmos-force-network-secured": "true",
            "cosmos-auto-update": "true",
            "cosmos-icon": "https://github.com/jeffgallini/cosmos-apps/blob/main/apps/adguard/adguard.png"
           },
           "volumes": [
              {
                 "source": "adguard-conf",
                 "target": "/opt/adguardhome/conf",
                 "type": "volume"
              },
              {
                 "source": "adguard-work",
                 "target": "/opt/adguardhome/work",
                 "type": "volume"
              }
           ],
           "restart": "unless-stopped",
           "routes": [
              {
                 "name": "Adguard Home",
                 "description": "Expose adguard to the web",
                 "useHost": true,
                 "target": "http://adguard:3000",
                 "mode": "SERVAPP",
                 "Timeout": 14400000,
                 "ThrottlePerMinute": 12000,
                 "BlockCommonBots": true,
                 "SmartShield": {
                    "Enabled": true
                 },
                 "AuthEnabled": false
              }
           ]
        }
     }
  }

