{
    "name": "Adguard Home",
    "longDescription": "<p>AdGuard Home is a network-wide software for blocking ads and tracking. After you set it up, it'll cover ALL your home devices, and you don't need any client-side software for that.</p><p>It operates as a DNS server that re-routes tracking domains to a “black hole”, thus preventing your devices from connecting to those servers</p>",
    "description": "A network-wide ads & trackers blocking DNS server",
    "tags": ["dns", "ad-blocker"],
    "repository": "https://github.com/AdguardTeam/AdGuardHome",
    "image": "https://hub.docker.com/r/adguard/adguardhome",
    "supported_architectures": ["amd64", "arm64", "386", "arm/v6", "arm/v7", "arm/v8", "ppc64le"]
  }